Mary Frazier,Mechanical Engineer,25084
Marin Huffman,Physicist,28911
Camren Hughes,Psychologist,10441
Jamar Mcdonald,Web Developer,10718
Ethan Munoz,Web Developer,31555
Aliana Hicks,Mechanical Engineer,22237
Karli Zhang,Secretary,12799
Selah Bauer,Artist,12190
Tomas Rangel,Web Developer,13118
Ayanna Andersen,Secretary,7996
Ryker Malone,Psychologist,13318
Karlee Melendez,Carpenter,11716
Athena Huynh,Mechanical Engineer,28529
Demetrius Freeman,Artist,14656
Nayeli Moreno,Secretary,14977
Caden Morrow,Psychologist,16826
Jacey Galvan,Accountant,6149
Luz Rowe,Psychologist,18438
Shyla Stuart,Telemarketer,9572
Trevin Gibbs,Physicist,30087
Devin Preston,Telemarketer,9221
Mattie Cooke,Mechanical Engineer,24649
Ariel Wagner,Web Developer,32324
Phillip Le,Accountant,16684
Eliana Morse,Reporter,31161
Maliyah Austin,Accountant,15555
Aria Gardner,Mechanical Engineer,33416
Derek Avila,Reporter,25348
Griffin Arnold,Telemarketer,14935
Ryann Reyes,Mechanical Engineer,23292
Essence Cameron,Telemarketer,14258
Marissa Weiss,Accountant,5486
Orlando Aguirre,Telemarketer,11083
Kassandra Proctor,Artist,12934
Amya Alexander,Accountant,10751
Valentino Rivera,Mechanical Engineer,23413
Rylee Cuevas,Carpenter,12628
Marvin Everett,Carpenter,14032
Talia Mccarthy,Mechanical Engineer,28858
Camryn Villanueva,Reporter,29928
Rishi Hahn,Web Developer,15676
Gunnar Coffey,Accountant,16983
Edwin Good,Psychologist,7384
Genesis Newman,Psychologist,10488
Roman Bell,Artist,14448
Serena Hanson,Secretary,10380
Kianna Bowman,Accountant,9335
Brenna Smith,Mechanical Engineer,24686
Kaia Barrett,Web Developer,26865
Kingston Foley,Carpenter,10529
Lillie Friedman,Physicist,29205
Kevin Frazier,Web Developer,24957
Brayan Rasmussen,Carpenter,10598
Reagan Hester,Accountant,9180
Gauge Harrison,Web Developer,31027
Lucy Mcmillan,Reporter,48693
Anabelle Michael,Web Developer,11232
Quinten Black,Reporter,46121
Serena Holland,Mechanical Engineer,14349
Juliet Goodman,Accountant,25511
August Neal,Mechanical Engineer,34528
Jillian Kaiser,Mechanical Engineer,32341
Brent Walters,Telemarketer,17287
April Huffman,Artist,13848
Morgan Salazar,Mechanical Engineer,15489
Kaeden Mcneil,Physicist,29383
Jazlynn Stanley,Reporter,48904
Morgan Newman,Web Developer,33510
Ethan Moran,Mechanical Engineer,24760
Ally Curtis,Carpenter,14461
Aleena Graves,Accountant,21217
Brayden Hood,Mechanical Engineer,31269
Alma Bowers,Web Developer,29427
Chandler Nicholson,Psychologist,12390
Sonny Morales,Secretary,12738
Oscar Brown,Physicist,25481
Erin Osborn,Web Developer,20872
Alma Contreras,Telemarketer,9119
Samuel Franklin,Secretary,9275
Manuel Farmer,Psychologist,12320
Colby Bird,Reporter,27667
Kaylen Hensley,Mechanical Engineer,27775
Jair Barnett,Carpenter,12976
Emmett Serrano,Telemarketer,16123
Luke Little,Accountant,9715
Monica Cook,Artist,13791
Myla Wiggins,Web Developer,12656
Wade Pace,Reporter,42193
Halle Smith,Web Developer,23099
Sara Rivas,Secretary,9190
Renee Drake,Reporter,28020
Julia Bennett,Web Developer,22253
Kristen Fitzpatrick,Web Developer,12023
Abigayle Roth,Web Developer,19206
Jamarcus Ibarra,Secretary,14130
Kierra Fox,Telemarketer,10301
Blake Mccall,Accountant,25010
Ashton Oconnor,Carpenter,11225
Brittany Boone,Psychologist,8557
Jakob Keith,Telemarketer,11471
Roy Baxter,Secretary,5072
Jordin Diaz,Web Developer,28553
Brody Harrison,Psychologist,7675
Jesse Solis,Web Developer,14697
Madeleine Bailey,Artist,12481
Joseph Chase,Artist,13078
Giancarlo Williams,Physicist,34277
Wayne Singleton,Artist,12707
Braeden Craig,Reporter,48968
Agustin Bryant,Web Developer,24066
India Gibbs,Artist,14585
Miriam Dalton,Web Developer,11639
Rosa Arnold,Secretary,12873
Angelina Pena,Physicist,31436
Bryan Benson,Accountant,5857
Colten Larson,Carpenter,12373
Mario Daugherty,Secretary,12788
William Knapp,Physicist,33093
Brett Solis,Artist,12490
Chasity Gutierrez,Secretary,14398
Judith Walton,Telemarketer,11348
Natalya Frederick,Carpenter,14591
Maximillian Ashley,Reporter,37737
Cortez Winters,Accountant,24885
Nash Montoya,Psychologist,15006
Bryce Hawkins,Reporter,37074
Kelsey Taylor,Reporter,42581
Gillian Ponce,Artist,13115
Kara Porter,Web Developer,19560
Bridger Tran,Reporter,38196
Paisley Rowe,Secretary,13925
Briley Wyatt,Telemarketer,14569
Aliya Moyer,Telemarketer,17309
Allie Mullins,Telemarketer,13307
Justus Avila,Psychologist,10877
Matteo Mcgrath,Psychologist,6985
Adalyn Parker,Reporter,41534
Kolton Vang,Artist,14244
Alessandro Wise,Reporter,34332
Alonso Meyers,Physicist,29145
Steve Morrison,Physicist,31764
Rylan Campbell,Carpenter,11483
Deegan Chaney,Reporter,38677
Madelyn Knox,Telemarketer,13030
Misael Macias,Mechanical Engineer,26348
Riley Huerta,Carpenter,9420
Tessa Mullen,Accountant,6271
Cornelius Bartlett,Web Developer,33169
Kale Rojas,Carpenter,9721
Amirah Wiggins,Web Developer,24783
Easton Mora,Web Developer,14456
Elisabeth Haas,Psychologist,15618
Santos Gonzales,Artist,14983
Gary Moyer,Carpenter,10570
Keegan Day,Web Developer,23016
Zachary Huber,Secretary,13764
Donte Arellano,Psychologist,15998
Brynlee Stokes,Physicist,31746
Savannah Stevens,Secretary,11874
Alden Schultz,Physicist,25449
Conrad Palmer,Physicist,29146
Lyla Zimmerman,Web Developer,32041
Amir Camacho,Secretary,14697
Stacy Cantu,Reporter,32126
Willow Carlson,Telemarketer,9240
Faith Fisher,Mechanical Engineer,17857
Alissa Cox,Carpenter,10445
Eliana Campos,Secretary,8470
Roy Burch,Telemarketer,9759
Payton Kramer,Artist,14415
Rosa Zimmerman,Psychologist,18152
Dario Chan,Psychologist,15810
Skyler Haney,Mechanical Engineer,27981
Abdiel Christensen,Telemarketer,17053
Justin Allen,Secretary,13659
Zayden Dominguez,Carpenter,11433
Jeffery Ware,Web Developer,30272
Dane Walker,Secretary,7018
Fatima Sawyer,Web Developer,20796
Alia Matthews,Reporter,49758
Elaina Baxter,Telemarketer,16216
Enzo Serrano,Mechanical Engineer,33085
Cecilia Campos,Secretary,5363
Mia Hooper,Carpenter,13310
Darryl Elliott,Psychologist,10532
Allison Bird,Reporter,30555
Jadiel Shepard,Accountant,25252
Lainey Shah,Accountant,21610
Cory Donovan,Web Developer,16731
Edward Zavala,Accountant,9562
Mauricio Valentine,Physicist,27263
Amira Miranda,Carpenter,9444
Marcos Burke,Psychologist,12902
Dangelo Randall,Reporter,25816
Alfredo Chase,Web Developer,33523
Meredith Blackburn,Telemarketer,15222
Nyasia Hatfield,Secretary,7111
Landen Cardenas,Reporter,30582
Moshe Cain,Carpenter,10075
Abdiel Harmon,Web Developer,11856
Lilian Vega,Psychologist,19092
Kadin Larson,Artist,12083
Kimberly Cortez,Artist,14269
Malia Ellison,Carpenter,12619
Campbell Pratt,Psychologist,6629
Simon Mckay,Web Developer,21800
Amani Patrick,Physicist,33605
Leonidas Weiss,Physicist,32485
Easton Hoffman,Psychologist,11220
Derek Kerr,Carpenter,14450
Khalil Short,Mechanical Engineer,21231
Aniya Morales,Psychologist,8124
Dax Morgan,Telemarketer,13129
Sabrina Stevenson,Artist,12965
Devon Ritter,Mechanical Engineer,30199
Rachel Ayers,Artist,13036
Mathew Sullivan,Secretary,7010
Precious Lowery,Web Developer,25389
Cristofer Lee,Psychologist,14840
Quinten Erickson,Artist,12250
Aniyah Robles,Mechanical Engineer,27810
Marcelo Brady,Carpenter,13535
Princess Hamilton,Accountant,21906
Emilia Holder,Secretary,13939
Abby Frey,Secretary,9479
Claudia Graves,Artist,12882
Elsie Barton,Reporter,42661
Skyler Brewer,Web Developer,34444
Paulina Harper,Physicist,31817
Larissa Landry,Mechanical Engineer,18378
Heaven Coleman,Artist,13374
Jerimiah Frazier,Reporter,25696
Guadalupe Mccann,Web Developer,32282
Kali Cantrell,Mechanical Engineer,18966
Uriel Kramer,Mechanical Engineer,18190
Antwan Blackburn,Secretary,10335
Elise Saunders,Web Developer,34267
Natalie Goodman,Psychologist,16447
Nikolai Bauer,Artist,14961
Jovanny Rubio,Physicist,33732
Jack Bradshaw,Physicist,25041
Drew Haynes,Psychologist,16673
Avery Maynard,Web Developer,35324
Harry Arias,Reporter,46973
Ellen Noble,Mechanical Engineer,21199
Luke Liu,Secretary,6644
Keenan Blanchard,Secretary,5427
Jayda Trevino,Carpenter,10823
Kyan Murray,Secretary,5241
Julianna Berger,Mechanical Engineer,33055
Nelson Whitaker,Artist,12753
Jamison Gregory,Telemarketer,13400
Marcos Gonzales,Accountant,17125
Mateo Roth,Reporter,25410
Zion Colon,Web Developer,20856
Makenna Holland,Web Developer,24027
Brycen Mckinney,Mechanical Engineer,32965
Kailee Gross,Telemarketer,13335
Heidi Hudson,Carpenter,9741
Colin Crane,Psychologist,12596
Eduardo Mendoza,Web Developer,27802
Niko Jenkins,Web Developer,19588
Camila Maxwell,Artist,13751
Jazlynn Osborne,Web Developer,20496
Heather Leon,Physicist,25258
Hope Woodard,Secretary,14784
Maleah Marks,Accountant,23573
Kaylen Knapp,Reporter,47478
Iliana Holmes,Mechanical Engineer,16584
Crystal Pope,Mechanical Engineer,27874
Daniela Carr,Telemarketer,16609
Jean Medina,Telemarketer,12496
Sherlyn Thompson,Reporter,30618
Arabella Lara,Accountant,16396
Clare Sellers,Psychologist,18223
Harold Warren,Secretary,10816
Cassidy Weeks,Reporter,49234
Lyla Fuentes,Secretary,10894
Jase Butler,Carpenter,9802
Finnegan Ball,Mechanical Engineer,23460
Marina Turner,Accountant,7404
Duncan Cortez,Mechanical Engineer,24372
Tiana Lloyd,Accountant,24040
Josie Nichols,Mechanical Engineer,17973
Aiyana Livingston,Reporter,25717
Cheyenne Schneider,Telemarketer,16336
Liberty Castro,Carpenter,11382
Lorelai Cline,Artist,13664
Raelynn Craig,Web Developer,27231
Marlee Logan,Artist,12164
Kaylynn Woodard,Carpenter,12928
Mylie Steele,Physicist,28450
Jakob Arroyo,Carpenter,14949
Greyson Bonilla,Physicist,33005
Gaige Gillespie,Artist,13968
Hassan Ponce,Accountant,20389
June Fuentes,Reporter,40422
Karly Roberson,Reporter,29895
Nigel West,Telemarketer,15074
Taniya Ritter,Artist,12005
Lance Blackwell,Web Developer,13310
Anya Fleming,Reporter,37559
Mariah Odonnell,Psychologist,12798
Carolyn Sutton,Reporter,34514
Alondra Valenzuela,Artist,14801
Alivia Harrison,Mechanical Engineer,34981
Alexis Lin,Mechanical Engineer,17728
Gunner Christian,Carpenter,9716
Grace Velasquez,Reporter,43435
Maya Lowe,Web Developer,16321
Harold Avila,Secretary,7221
Devon Shepherd,Psychologist,14338
Zavier Huang,Secretary,5585
Maggie Atkinson,Carpenter,11138
Dorian Patterson,Physicist,33296
Kadyn Pierce,Reporter,44782
Daisy Hurst,Telemarketer,13591
Esther Delgado,Telemarketer,17920
Iris Roy,Carpenter,9683
Nataly Spencer,Psychologist,10195
Keenan Lane,Accountant,6029
Francis Mosley,Reporter,42303
Emilie Townsend,Accountant,22672
Cheyanne Nixon,Psychologist,13520
Jamal Goodwin,Telemarketer,10186
Mia Curtis,Web Developer,11126
Savanna Perry,Reporter,36924
Alexzander Stafford,Accountant,6084
Janessa Esparza,Accountant,5056
Gwendolyn Krause,Reporter,41978
Fernanda Coffey,Carpenter,9264
Kayla Fernandez,Artist,14356
Kenley Solis,Psychologist,7535
Brock Pacheco,Telemarketer,15962
Kenley Morse,Accountant,12889
Mariana Ho,Reporter,29750
Roger Jacobson,Secretary,5223
Rayna Jimenez,Accountant,13186
Adrien Horton,Carpenter,14102
Brenna Bryant,Reporter,43355
Cash Mcgrath,Secretary,8193
Jessica Contreras,Accountant,6159
Mylie Hodges,Telemarketer,10445
Ismael Carney,Carpenter,14138
Jefferson Kirk,Mechanical Engineer,20775
Cristian Walter,Mechanical Engineer,22464
Jaquan Bradford,Psychologist,9147
Iyana Little,Web Developer,14283
Reece Benitez,Web Developer,20037
Jameson Ingram,Secretary,13913
Haley Wu,Mechanical Engineer,30341
Trey Munoz,Carpenter,12779
Armani Moss,Carpenter,12481
Kadyn Pittman,Secretary,8550
Charlotte Stevenson,Psychologist,11103
Cora Hahn,Telemarketer,13086
Jamari Shea,Telemarketer,16937
Tommy Duarte,Carpenter,11102
Cristopher Perez,Mechanical Engineer,22131
Cadence Murphy,Psychologist,19424
Destinee Kirby,Web Developer,11308
Kymani Vaughn,Telemarketer,9272
Nyasia Guzman,Artist,12433
Kenna Steele,Carpenter,13251
Jazlynn Frederick,Telemarketer,15390
Malcolm Chang,Psychologist,15529
Frederick Werner,Telemarketer,9450
Elaina Dunlap,Mechanical Engineer,32646
Bailey Curry,Artist,14204
Elisabeth Haney,Artist,13971
Lillianna Bass,Reporter,39042
Alexandria Escobar,Secretary,12439
Seamus Glass,Web Developer,14135
Selah Goodman,Reporter,29940
Sergio Lewis,Carpenter,10402
Matilda Kane,Reporter,32196
Abdiel Hayden,Artist,12737
Octavio Cortez,Secretary,8782
Frances Pena,Artist,13206
Marely Duffy,Physicist,32291
Lucille Lester,Mechanical Engineer,30965
Hugo Butler,Telemarketer,16554
Guadalupe Donaldson,Physicist,29735
Jovanni Zamora,Artist,14366
Broderick Finley,Carpenter,10569
Parker Washington,Secretary,10545
Dante Mack,Mechanical Engineer,27620
Cierra Dickerson,Telemarketer,9035
Iris Kramer,Accountant,15669
Maya Poole,Psychologist,11257
Annabel Garrison,Web Developer,36578
Harmony Simpson,Secretary,14026
Darius Higgins,Carpenter,9626
Jerome Kerr,Psychologist,17700
Zachary Dickerson,Artist,13446
Beatrice Hanson,Telemarketer,9979
Lana Mcintyre,Telemarketer,15707
Addison Farmer,Telemarketer,16796
Shyla Hubbard,Telemarketer,12365
Alejandro Rowe,Physicist,26651
Xiomara Erickson,Carpenter,14672
Kody Hendricks,Reporter,41141
Grady Howard,Mechanical Engineer,33202
Scarlet Lam,Artist,14375
Riya Wolfe,Psychologist,6819
Rishi Macdonald,Web Developer,30226
Leticia Morrow,Reporter,46789
Izabella Dennis,Reporter,42126
Emanuel Guzman,Physicist,28654
Case Hartman,Carpenter,11740
Skyler Wood,Accountant,25547
Kendall Trujillo,Reporter,33338
Tanner Fernandez,Reporter,28547
Elisabeth Pennington,Accountant,23195
Frank Duncan,Accountant,13445
Gianna Holmes,Secretary,7502
Kirsten Goodman,Reporter,37782
Frederick Nolan,Artist,12810
Amiah Palmer,Reporter,29664
Kassidy Chase,Reporter,44252
Nevaeh Boone,Carpenter,12038
Aniyah Hicks,Telemarketer,10267
Delilah Arnold,Psychologist,8788
Pamela Charles,Reporter,38288
Shyanne Fry,Telemarketer,11385
Kaylen Austin,Artist,14509
Ellis Curry,Web Developer,34995
Alyvia Sharp,Web Developer,18915
Zion Hancock,Telemarketer,11564
Mariah Sexton,Reporter,37247
Zackery Carney,Carpenter,12464
Celeste Boyer,Mechanical Engineer,20311
Brett English,Psychologist,18740
Donald Christian,Reporter,32585
Marquis Mann,Artist,14001
Jamarcus Jefferson,Secretary,6256
Emmy Pace,Telemarketer,15309
Antony Kelly,Carpenter,14458
Valentina Quinn,Artist,12124
Charity Camacho,Reporter,37408
Amari Hutchinson,Artist,13614
Dayami Arias,Mechanical Engineer,16798
Darrell Bentley,Psychologist,15186
Jaydan Mcclure,Carpenter,14120
Laura Branch,Accountant,16178
Skyler Carlson,Mechanical Engineer,13644
Jimmy Walters,Carpenter,10023
Soren Kemp,Telemarketer,17742
Lillie Lowe,Telemarketer,12692
Rebecca Andrade,Secretary,11698
Maximillian Foster,Psychologist,16984
Walter Conley,Secretary,8502
Nico Good,Psychologist,9121
Adan Fowler,Secretary,12996
Demarion Lyons,Telemarketer,16980
Hailey Hall,Secretary,8882
Esperanza Booth,Secretary,14456
Desmond Murillo,Telemarketer,14922
Alice Clay,Telemarketer,11817
Elena Bush,Secretary,10847
Sierra Salas,Accountant,15301
Baron Bender,Physicist,34301
Nina Yoder,Web Developer,19956
Devon Schaefer,Secretary,14921
Gaven Monroe,Secretary,14024
Derek Woodard,Carpenter,11430
Ean Duffy,Carpenter,12501
Anderson Clements,Reporter,34424
Cynthia York,Mechanical Engineer,24147
Makena Arnold,Web Developer,24547
Brady Pineda,Reporter,38772
Summer Knight,Reporter,47694
Israel Barnes,Carpenter,10039
Tripp Ruiz,Reporter,44473
Tanya Martinez,Telemarketer,10313
Beau Simpson,Accountant,8191
Jaelynn Dennis,Accountant,12271
Gustavo Meyer,Reporter,30730
Hayley Hines,Physicist,32932
Joselyn Mccormick,Psychologist,13408
Conor Glass,Telemarketer,11254
Reid Acosta,Accountant,20218
Cristofer Gates,Telemarketer,16665
Viviana Carpenter,Psychologist,14122
Kailyn Barrett,Secretary,14350
Kendal Bender,Psychologist,11916
Kendall Benjamin,Mechanical Engineer,23758
Sammy Cummings,Accountant,17658
Nadia Greer,Mechanical Engineer,33552
Samson Shea,Secretary,11008
Luna Hines,Telemarketer,13703
Alexandra Oconnor,Mechanical Engineer,16958
Mylie Shah,Psychologist,17282
Rylie Elliott,Secretary,5157
Ayana Manning,Web Developer,21820
Breanna Page,Secretary,7342
Tanya Clarke,Mechanical Engineer,21144
Skylar White,Reporter,45538
Xavier Hayes,Web Developer,13556
Jenny Rojas,Psychologist,15307
